City_ID,City,Country,Date,Lat,Lng,Max Temp,Humidity,Cloudiness,Wind Speed
0,Ushuaia,AR,2021-11-10 17:56:47,-54.8,-68.3,55.06,50,20,4.61
1,Mataura,NZ,2021-11-10 18:00:21,-46.1927,168.8643,50.9,98,82,2.95
2,Castro,BR,2021-11-10 18:00:22,-24.7911,-50.0119,73.89,64,62,5.55
3,Ouargaye,BF,2021-11-10 18:00:22,11.5033,0.0572,91.69,27,19,2.1
4,Albany,US,2021-11-10 17:59:46,42.6001,-73.9662,59.16,41,46,4.0
5,Santa Barbara,US,2021-11-10 18:00:23,34.7333,-120.0343,63.84,45,1,7.29
6,Aguimes,ES,2021-11-10 18:00:23,27.9054,-15.4461,66.83,65,20,13.8
7,New Norfolk,AU,2021-11-10 18:00:23,-42.7826,147.0587,47.7,75,81,1.01
8,Luohe,CN,2021-11-10 18:00:19,33.5717,114.0353,48.24,43,0,9.66
9,Farsund,NO,2021-11-10 18:00:24,58.0948,6.8047,49.05,72,56,10.31
10,Riyadh,SA,2021-11-10 17:55:27,24.6877,46.7219,75.34,28,2,10.47
11,Butaritari,KI,2021-11-10 18:00:24,3.0707,172.7902,81.73,65,36,13.85
12,Kamakwie,SL,2021-11-10 18:00:25,9.5,-12.2333,78.58,87,98,4.54
13,Hermanus,ZA,2021-11-10 18:00:25,-34.4187,19.2345,63.9,84,42,4.79
14,Cherskiy,RU,2021-11-10 17:57:27,68.75,161.3,-12.69,100,96,6.11
15,Jamestown,US,2021-11-10 17:58:13,42.097,-79.2353,58.3,41,24,1.01
16,Pevek,RU,2021-11-10 17:56:47,69.7008,170.3133,6.64,97,98,4.9
17,Melong,CM,2021-11-10 18:00:26,5.1218,9.9614,69.12,95,83,1.74
18,Antofagasta,CL,2021-11-10 18:00:26,-23.65,-70.4,69.22,54,1,9.86
19,Hilo,US,2021-11-10 18:00:26,19.7297,-155.09,77.61,90,76,4.0
20,Dekar,BW,2021-11-10 18:00:27,-21.5333,21.9333,82.42,19,89,6.44
21,Oranjemund,NA,2021-11-10 18:00:27,-28.55,16.4333,62.1,76,0,18.63
22,Hove,GB,2021-11-10 18:00:27,50.8309,-0.1672,56.01,89,75,1.01
23,Vardo,NO,2021-11-10 17:58:48,70.3705,31.1107,33.78,75,75,16.11
24,Barrow,US,2021-11-10 17:57:03,71.2906,-156.7887,14.63,94,98,11.72
25,Kanakapura,IN,2021-11-10 18:00:28,12.55,77.4167,65.79,98,100,2.64
26,Xinyu,CN,2021-11-10 17:56:14,27.8043,114.9334,49.37,66,1,2.04
27,Airai,TL,2021-11-10 18:00:28,-8.9266,125.4092,63.3,95,98,1.36
28,Puerto Del Rosario,ES,2021-11-10 18:00:29,28.5004,-13.8627,69.55,68,20,3.44
29,Hobyo,SO,2021-11-10 18:00:29,5.3505,48.5268,80.71,72,23,11.34
30,Marsabit,KE,2021-11-10 18:00:29,2.3284,37.9899,72.81,51,49,9.13
31,Saint-Joseph,RE,2021-11-10 18:00:30,-21.3667,55.6167,72.21,77,37,9.19
32,Rikitea,PF,2021-11-10 17:56:46,-23.1203,-134.9692,72.41,83,100,15.43
33,Avarua,CK,2021-11-10 18:00:30,-21.2078,-159.775,75.25,83,60,9.22
34,Raga,SS,2021-11-10 18:00:31,8.4596,25.678,84.31,44,83,5.17
35,Atuona,PF,2021-11-10 18:00:31,-9.8,-139.0333,78.1,68,24,14.99
36,Busselton,AU,2021-11-10 17:58:13,-33.65,115.3333,48.04,86,59,9.53
37,Saint-Philippe,RE,2021-11-10 17:56:55,-21.3585,55.7679,73.22,78,51,9.28
38,Hofn,IS,2021-11-10 17:58:22,64.2539,-15.2082,39.22,60,75,14.97
39,Dingle,PH,2021-11-10 17:59:03,10.9995,122.6711,76.32,94,89,7.43
40,Port Alfred,ZA,2021-11-10 18:00:32,-33.5906,26.891,63.64,81,46,9.53
41,Narsaq,GL,2021-11-10 18:00:32,60.9167,-46.05,19.62,71,0,4.5
42,Punta Arenas,CL,2021-11-10 18:00:33,-53.15,-70.9167,57.11,33,33,10.29
43,Wanxian,CN,2021-11-10 18:00:33,30.8039,108.3897,50.67,79,36,1.5
44,Dikson,RU,2021-11-10 18:00:33,73.5069,80.5464,-6.77,93,35,9.42
45,Severo-Kurilsk,RU,2021-11-10 18:00:34,50.6789,156.125,40.96,90,100,24.63
46,Ponta Do Sol,PT,2021-11-10 18:00:34,32.6667,-17.1,71.01,64,74,2.71
47,Ponta Delgada,PT,2021-11-10 18:01:35,37.7333,-25.6667,72.5,88,75,6.91
48,Galesong,ID,2021-11-10 18:01:35,-5.3166,119.3661,75.22,83,98,4.29
49,Comodoro Rivadavia,AR,2021-11-10 17:59:15,-45.8667,-67.5,73.26,23,32,24.16
50,Wankaner,IN,2021-11-10 18:01:35,22.6167,70.9333,77.07,27,86,6.46
51,Pychas,RU,2021-11-10 18:01:36,56.5033,52.4409,23.05,83,7,6.06
52,Santa Maria,BR,2021-11-10 18:01:36,-29.6842,-53.8069,76.86,40,92,11.12
53,Dolores,AR,2021-11-10 18:01:37,-36.3132,-57.6792,71.78,44,48,8.7
54,Khatanga,RU,2021-11-10 18:01:37,71.9667,102.5,-24.75,100,84,5.59
55,Talnakh,RU,2021-11-10 18:01:37,69.4865,88.3972,-8.75,95,54,2.53
56,Penzance,GB,2021-11-10 18:01:38,50.1186,-5.5371,56.41,91,85,9.1
57,Kavieng,PG,2021-11-10 17:58:48,-2.5744,150.7967,82.78,74,41,13.09
58,Yar-Sale,RU,2021-11-10 18:01:38,66.8333,70.8333,8.33,86,87,7.23
59,Vaini,TO,2021-11-10 18:01:39,-21.2,-175.2,76.84,86,100,12.33
60,Husavik,IS,2021-11-10 18:01:28,66.0449,-17.3389,31.46,91,100,16.6
61,Keetmanshoop,NA,2021-11-10 18:01:39,-26.5833,18.1333,86.38,6,0,8.93
62,Dovolnoye,RU,2021-11-10 18:01:39,54.4958,79.6671,34.77,85,100,16.33
63,Vila Franca Do Campo,PT,2021-11-10 18:01:40,37.7167,-25.4333,72.19,85,55,11.14
64,Kahului,US,2021-11-10 18:01:16,20.8947,-156.47,78.84,74,24,3.0
65,Evensk,RU,2021-11-10 18:01:40,61.95,159.2333,10.15,95,97,6.38
66,Ribeira Grande,PT,2021-11-10 18:01:41,38.5167,-28.7,70.2,88,40,14.97
67,Malartic,CA,2021-11-10 17:57:18,48.1335,-78.1328,42.62,70,28,11.41
68,Port Shepstone,ZA,2021-11-10 18:01:42,-30.7414,30.455,68.02,83,6,12.46
69,Ilembula,TZ,2021-11-10 18:01:42,-8.9,34.5833,71.65,37,5,9.33
70,Monrovia,LR,2021-11-10 17:58:21,6.3005,-10.7969,81.0,76,66,8.14
71,Provideniya,RU,2021-11-10 18:01:42,64.3833,-173.3,14.13,75,3,3.98
72,Ukiah,US,2021-11-10 18:01:43,39.1502,-123.2078,57.97,85,90,0.0
73,Hobart,AU,2021-11-10 18:00:06,-42.8794,147.3294,48.06,91,90,3.0
74,Diamantina,BR,2021-11-10 18:01:43,-18.2494,-43.6003,71.04,75,98,5.26
75,Saskylakh,RU,2021-11-10 18:01:44,71.9167,114.0833,-9.72,100,96,5.77
76,Chokurdakh,RU,2021-11-10 18:01:44,70.6333,147.9167,2.55,96,100,8.68
77,Celendin,PE,2021-11-10 18:01:44,-6.8703,-78.1517,72.12,53,87,4.65
78,Hithadhoo,MV,2021-11-10 18:01:45,-0.6,73.0833,82.17,78,53,21.88
79,Puerto Baquerizo Moreno,EC,2021-11-10 18:01:45,-0.9,-89.6,69.62,83,75,12.3
80,Aklavik,CA,2021-11-10 18:01:45,68.2191,-135.0107,2.37,99,100,1.81
81,Kolpashevo,RU,2021-11-10 18:01:46,58.3131,82.9089,31.93,98,100,11.5
82,Piraquara,BR,2021-11-10 18:01:46,-25.4417,-49.0633,68.68,85,100,1.01
83,Mecca,SA,2021-11-10 18:01:46,21.4267,39.8261,80.29,51,6,2.24
84,Vestmannaeyjar,IS,2021-11-10 18:01:47,63.4427,-20.2734,38.39,87,20,6.91
85,Buchanan,LR,2021-11-10 18:01:47,5.8808,-10.0467,80.35,79,68,7.38
86,Bengkulu,ID,2021-11-10 18:01:48,-3.8004,102.2655,74.28,84,100,5.19
87,Bredasdorp,ZA,2021-11-10 18:01:48,-34.5322,20.0403,61.29,79,39,5.82
88,Avera,US,2021-11-10 18:01:48,33.194,-82.5271,76.71,29,96,5.95
89,Ducheng,CN,2021-11-10 18:01:49,23.2373,111.5317,56.62,62,2,1.83
90,Mochudi,BW,2021-11-10 18:01:49,-24.4167,26.15,83.28,31,67,9.82
91,Belmonte,BR,2021-11-10 18:01:50,-15.8631,-38.8828,82.08,67,88,10.4
92,Arraial Do Cabo,BR,2021-11-10 18:01:50,-22.9661,-42.0278,71.83,75,96,10.27
93,Palafrugell,ES,2021-11-10 18:02:50,41.9174,3.1631,59.56,54,96,8.99
94,Uvinza,TZ,2021-11-10 18:02:51,-5.1036,30.3911,73.2,50,24,3.76
95,Kamina,CD,2021-11-10 18:02:51,-8.7386,24.9906,64.63,80,100,3.36
96,Hamilton,US,2021-11-10 18:02:51,39.1834,-84.5333,67.98,64,20,1.99
97,San Quintin,MX,2021-11-10 18:02:52,30.4833,-115.95,68.92,65,0,13.06
98,Whitehorse,CA,2021-11-10 18:01:05,60.7161,-135.0538,17.31,85,23,15.01
99,Saint-Louis,SN,2021-11-10 18:02:52,16.3333,-15.0,92.44,12,94,10.29
100,Fort Morgan,US,2021-11-10 18:02:53,40.2503,-103.8,56.05,24,1,27.63
101,Cape Town,ZA,2021-11-10 18:00:04,-33.9258,18.4232,67.26,71,70,1.01
102,Mar Del Plata,AR,2021-11-10 17:58:20,-38.0023,-57.5575,66.22,88,0,25.01
103,Tiksi,RU,2021-11-10 18:02:53,71.6872,128.8694,-5.04,100,91,6.4
104,Chuy,UY,2021-11-10 18:02:53,-33.6971,-53.4616,67.77,51,30,11.3
105,Flin Flon,CA,2021-11-10 18:01:03,54.7682,-101.865,27.86,69,100,11.14
106,Bandarbeyla,SO,2021-11-10 17:59:10,9.4942,50.8122,78.93,74,18,16.93
107,Ilhabela,BR,2021-11-10 18:02:54,-23.7781,-45.3581,71.73,85,87,7.11
108,Kieta,PG,2021-11-10 18:00:26,-6.2167,155.6333,78.73,85,35,3.4
109,Warragul,AU,2021-11-10 18:02:55,-38.1667,145.9333,49.24,91,84,4.0
110,Bluff,NZ,2021-11-10 18:01:10,-46.6,168.3333,55.11,87,89,8.88
111,Namibe,AO,2021-11-10 17:59:13,-15.1961,12.1522,69.93,76,34,2.8
112,Jalu,LY,2021-11-10 18:02:55,29.0331,21.5482,74.5,36,100,11.61
113,Carnarvon,AU,2021-11-10 18:02:55,-24.8667,113.6333,66.99,55,0,21.54
114,Cabo San Lucas,MX,2021-11-10 18:02:56,22.8909,-109.9124,88.9,58,1,9.22
115,West Haven,US,2021-11-10 18:02:56,41.2706,-72.9471,66.42,51,20,14.97
116,Ostrovnoy,RU,2021-11-10 18:02:57,68.0531,39.5131,36.36,92,100,22.19
117,Faanui,PF,2021-11-10 18:02:57,-16.4833,-151.75,79.95,72,29,13.98
118,Biak,ID,2021-11-10 18:02:57,-0.9131,122.8766,76.8,85,100,3.33
119,Nosy Varika,MG,2021-11-10 18:02:58,-20.5833,48.5333,75.87,91,4,8.66
120,Tarutyne,UA,2021-11-10 18:02:58,46.1858,29.1506,37.13,48,6,5.79
121,San Borja,BO,2021-11-10 18:02:58,-14.8167,-66.85,99.32,29,99,5.03
122,Lebu,CL,2021-11-10 18:02:59,-37.6167,-73.65,59.68,64,100,9.35
123,Jinchang,CN,2021-11-10 18:02:59,38.4953,102.1739,28.13,32,78,1.97
124,Bathsheba,BB,2021-11-10 18:02:59,13.2167,-59.5167,82.42,72,13,12.8
125,Nikolskoye,RU,2021-11-10 18:03:00,59.7035,30.7861,42.87,95,100,12.15
126,Mehran,IR,2021-11-10 18:03:00,33.1222,46.1646,69.94,19,48,5.41
127,Georgetown,MY,2021-11-10 18:01:26,5.4112,100.3354,79.9,83,20,1.01
128,Millau,FR,2021-11-10 18:03:01,44.0833,2.9167,51.93,97,100,2.68
129,Flinders,AU,2021-11-10 18:01:22,-34.5833,150.8552,64.18,93,100,7.0
130,Rio Gallegos,AR,2021-11-10 17:58:20,-51.6226,-69.2181,60.85,29,75,27.63
131,Grindavik,IS,2021-11-10 18:03:02,63.8424,-22.4338,36.07,87,40,17.27
132,Cabedelo,BR,2021-11-10 18:00:46,-6.9811,-34.8339,83.17,66,49,14.14
133,Tuatapere,NZ,2021-11-10 18:03:03,-46.1333,167.6833,54.09,91,96,2.55
134,Sangar,RU,2021-11-10 18:03:03,63.9242,127.4739,-8.66,100,99,3.2
135,Bubaque,GW,2021-11-10 18:03:04,11.2833,-15.8333,83.77,61,76,11.01
136,Souillac,MU,2021-11-10 17:58:22,-20.5167,57.5167,75.58,73,40,9.22
137,Lugovoy,KZ,2021-11-10 18:04:05,42.9472,72.7644,39.16,55,2,4.41
138,Bambous Virieux,MU,2021-11-10 18:04:05,-20.3428,57.7575,74.21,73,17,7.83
139,Nome,US,2021-11-10 18:04:05,64.5011,-165.4064,1.47,85,40,0.0
140,Yellowknife,CA,2021-11-10 18:01:38,62.456,-114.3525,23.41,100,100,15.99
141,Kaitangata,NZ,2021-11-10 18:04:06,-46.2817,169.8464,53.6,93,93,3.42
142,Saint George,US,2021-11-10 18:01:01,37.1041,-113.5841,68.47,46,1,1.01
143,Stepnyak,KZ,2021-11-10 18:04:06,52.8339,70.7803,37.38,96,100,10.58
144,Odweyne,SO,2021-11-10 18:04:07,9.4092,45.064,70.54,45,21,13.51
145,Hasaki,JP,2021-11-10 18:00:32,35.7333,140.8333,55.8,55,0,24.74
146,Daru,PG,2021-11-10 18:04:07,-9.0763,143.2092,79.16,87,76,2.46
147,Ushtobe,KZ,2021-11-10 18:04:07,45.2514,77.9838,35.26,49,61,5.35
148,Algiers,DZ,2021-11-10 18:04:08,36.7525,3.042,58.42,74,94,10.18
149,Zhangye,CN,2021-11-10 18:04:08,38.9342,100.4517,22.59,48,2,2.15
150,Omsukchan,RU,2021-11-10 18:04:08,62.5333,155.8,3.56,81,82,6.85
151,San Francisco,US,2021-11-10 18:01:00,37.7749,-122.4194,63.91,85,40,1.01
152,Upernavik,GL,2021-11-10 18:04:09,72.7868,-56.1549,20.01,85,100,13.11
153,San Patricio,US,2021-11-10 18:04:09,28.017,-97.5169,84.29,51,96,16.08
154,Sarangani,PH,2021-11-10 18:04:10,5.4033,125.4636,82.71,77,100,18.97
155,Katsuura,JP,2021-11-10 18:04:10,35.1333,140.3,63.19,59,0,24.63
156,Nadadores,MX,2021-11-10 18:04:10,27.05,-101.6,79.25,64,1,0.0
157,Sungaipenuh,ID,2021-11-10 18:04:11,-2.0833,101.3833,64.2,93,100,0.83
158,Qaanaaq,GL,2021-11-10 18:04:11,77.484,-69.3632,-2.63,64,77,7.23
159,Mount Gambier,AU,2021-11-10 18:04:11,-37.8333,140.7667,49.14,73,99,6.87
160,Chengde,CN,2021-11-10 18:04:12,40.9725,117.9361,32.59,65,2,9.82
161,Shimoda,JP,2021-11-10 18:04:12,34.6667,138.95,56.1,69,13,24.96
162,Saint-Pierre,RE,2021-11-10 18:04:12,-21.3393,55.4781,73.29,68,0,4.61
163,Santa Rosa,PH,2021-11-10 18:02:37,14.3122,121.1114,82.09,78,90,9.51
164,Rorvik,NO,2021-11-10 18:04:13,64.8621,11.2373,44.71,87,75,32.21
165,Calabozo,VE,2021-11-10 18:04:13,8.9242,-67.4293,95.07,30,77,5.82
166,Byron Bay,AU,2021-11-10 18:04:14,-28.65,153.6167,75.06,96,100,10.47
167,Sorland,NO,2021-11-10 18:00:38,67.667,12.6934,44.46,83,100,30.82
168,Clyde River,CA,2021-11-10 18:04:14,70.4692,-68.5914,10.58,84,95,11.36
169,Aranos,NA,2021-11-10 18:04:15,-24.1333,19.1167,84.97,12,10,11.41
170,Yaan,NG,2021-11-10 18:04:15,7.3833,8.5667,82.06,70,69,8.21
171,Maceio,BR,2021-11-10 18:02:41,-9.6658,-35.7353,89.04,58,20,14.97
172,Raton,US,2021-11-10 18:01:57,36.9034,-104.4391,59.05,25,90,1.01
173,Bergen,NO,2021-11-10 18:04:16,60.392,5.328,49.64,82,20,9.22
174,Mahebourg,MU,2021-11-10 18:04:16,-20.4081,57.7,74.25,73,20,7.94
175,Norman Wells,CA,2021-11-10 18:04:16,65.282,-126.8329,21.16,80,99,13.2
176,Victor Harbor,AU,2021-11-10 18:04:17,-35.5667,138.6167,55.0,68,78,1.99
177,Iqaluit,CA,2021-11-10 18:00:40,63.7506,-68.5145,14.7,85,100,11.99
178,Warren,US,2021-11-10 18:03:58,39.4334,-84.1666,66.88,67,90,1.01
179,China,MX,2021-11-10 18:04:17,25.7,-99.2333,78.87,59,88,7.36
180,Port Elizabeth,ZA,2021-11-10 18:04:18,-33.918,25.5701,63.1,83,44,9.26
181,Tuktoyaktuk,CA,2021-11-10 18:04:18,69.4541,-133.0374,23.0,93,90,13.8
182,Mabaruma,GY,2021-11-10 18:04:18,8.2,-59.7833,87.67,51,75,7.29
183,Dunmore Town,BS,2021-11-10 18:05:19,25.5,-76.65,77.81,65,51,16.58
184,Deputatskiy,RU,2021-11-10 18:05:19,69.3,139.9,3.42,96,100,2.24
185,Puerto Ayora,EC,2021-11-10 18:05:20,-0.7393,-90.3518,76.96,78,80,10.56
186,Caravelas,BR,2021-11-10 18:05:20,-17.7125,-39.2481,78.44,72,99,6.4
187,Sao Filipe,CV,2021-11-10 18:05:20,14.8961,-24.4956,77.05,72,31,3.11
188,Fortuna,US,2021-11-10 18:05:21,40.5982,-124.1573,56.93,85,90,8.99
189,Dunedin,NZ,2021-11-10 18:00:50,-45.8742,170.5036,57.79,90,91,3.24
190,Great Yarmouth,GB,2021-11-10 18:05:21,52.6083,1.7305,54.45,90,100,1.19
191,Ulaanbaatar,MN,2021-11-10 18:05:22,47.9077,106.8832,6.93,78,0,2.24
192,Mogadishu,SO,2021-11-10 18:05:22,2.0371,45.3438,79.81,76,7,13.8
193,Severnyy-Kospashskiy,RU,2021-11-10 18:05:23,59.0925,57.8008,5.05,100,100,2.17
194,Rio Tuba,PH,2021-11-10 18:05:23,8.5061,117.4317,81.9,81,94,12.82
195,Kodiak,US,2021-11-10 18:05:23,57.79,-152.4072,22.51,80,90,4.61
196,Heidelberg,ZA,2021-11-10 18:05:24,-26.5048,28.3592,70.79,42,60,5.86
197,Whyalla,AU,2021-11-10 18:05:24,-33.0333,137.5833,55.29,67,90,23.02
198,Amga,RU,2021-11-10 18:01:25,60.8953,131.9608,10.78,98,98,3.85
199,Longyearbyen,SJ,2021-11-10 18:05:24,78.2186,15.6401,15.91,86,100,8.57
200,Praia,CV,2021-11-10 18:05:25,14.9215,-23.5087,78.22,70,63,10.25
201,Kapaa,US,2021-11-10 18:05:25,22.0752,-159.319,75.18,70,75,5.75
202,Wundanyi,KE,2021-11-10 18:05:25,-3.4019,38.364,67.19,73,85,7.54
203,Fuyang,CN,2021-11-10 18:00:26,32.9,115.8167,45.63,59,0,5.93
204,Lakatoro,VU,2021-11-10 18:05:26,-16.0999,167.4164,78.6,85,82,7.14
205,Aykhal,RU,2021-11-10 18:05:26,66.0,111.5,5.25,97,96,6.73
206,Salym,RU,2021-11-10 18:05:27,60.0625,71.4789,22.05,89,100,8.63
207,Isangel,VU,2021-11-10 18:05:27,-19.55,169.2667,74.71,87,71,6.82
208,Belen,TR,2021-11-10 18:05:28,36.4891,36.2233,55.54,48,20,16.11
209,Itoman,JP,2021-11-10 18:05:28,26.1247,127.6694,66.22,48,20,12.66
210,Uige,AO,2021-11-10 18:05:28,-7.6087,15.0613,68.59,94,99,1.39
211,Klaksvik,FO,2021-11-10 18:05:29,62.2266,-6.589,38.32,87,99,27.38
212,Arlit,NE,2021-11-10 18:05:29,18.7369,7.3853,85.91,12,4,9.13
213,Torbay,CA,2021-11-10 18:03:19,47.6666,-52.7314,49.57,64,66,4.0
214,Berdigestyakh,RU,2021-11-10 18:05:29,62.0989,126.6992,-4.92,100,76,3.15
215,Damietta,EG,2021-11-10 18:05:30,31.4165,31.8133,72.95,58,96,11.27
216,Tromso,NO,2021-11-10 18:01:01,69.6496,18.957,39.38,81,75,4.0
217,Boca Do Acre,BR,2021-11-10 18:05:30,-8.7522,-67.3978,86.45,60,95,5.26
218,Cap Malheureux,MU,2021-11-10 18:01:10,-19.9842,57.6142,74.46,73,8,4.0
219,Lorengau,PG,2021-11-10 18:05:31,-2.0226,147.2712,82.94,73,36,12.21
220,Vilyuysk,RU,2021-11-10 18:05:31,63.7553,121.6247,-11.6,100,53,3.49
221,Caucaia,BR,2021-11-10 18:05:32,-3.7361,-38.6531,85.95,70,0,16.11
222,Mehamn,NO,2021-11-10 18:05:32,71.0357,27.8492,39.38,90,100,22.84
223,Saint-Denis,FR,2021-11-10 18:05:32,48.9167,2.3333,45.37,84,0,3.44
224,Mapiri,BO,2021-11-10 18:05:33,-15.25,-68.1667,86.65,48,99,1.36
225,Clarence Town,AU,2021-11-10 18:05:33,-32.5833,151.7833,67.86,97,100,3.02
226,Buala,SB,2021-11-10 18:05:33,-8.145,159.5921,81.16,83,31,9.93
227,Itupeva,BR,2021-11-10 18:05:34,-23.1531,-47.0578,85.73,45,40,16.11
228,Guerrero Negro,MX,2021-11-10 18:05:34,27.9769,-114.0611,70.86,67,0,14.12
229,Ust-Tsilma,RU,2021-11-10 18:06:35,65.441,52.1498,22.26,90,97,10.74
230,Coihaique,CL,2021-11-10 18:01:52,-45.5752,-72.0662,54.59,44,47,13.38
231,Mankera,PK,2021-11-10 18:06:35,31.3866,71.4407,72.79,18,0,6.85
232,Buluang,PH,2021-11-10 18:06:35,13.3068,123.3425,75.99,91,80,4.34
233,Okhotsk,RU,2021-11-10 18:06:36,59.3833,143.3,23.74,96,100,10.58
234,Boca Del Monte,MX,2021-11-10 18:06:36,19.15,-96.8167,73.56,68,55,5.12
235,Petropavlovsk-Kamchatskiy,RU,2021-11-10 18:06:37,53.0452,158.6483,29.01,77,96,3.56
236,Zenzeli,RU,2021-11-10 18:06:37,45.9241,47.0474,40.24,65,74,17.67
237,Dovers,VC,2021-11-10 18:06:37,12.8833,-61.1833,81.18,67,5,11.61
238,Beasain,ES,2021-11-10 18:06:38,43.0502,-2.2009,52.74,92,5,2.1
239,Micheweni,TZ,2021-11-10 18:06:38,-4.9667,39.8333,79.21,84,100,7.34
240,Senneterre,CA,2021-11-10 18:06:38,48.3835,-77.2328,40.73,49,51,11.56
241,Sulz,DE,2021-11-10 18:06:39,48.3624,8.6331,46.81,82,96,0.74
242,Luderitz,NA,2021-11-10 18:06:39,-26.6481,15.1594,67.05,59,0,19.93
243,Gol,NO,2021-11-10 18:06:40,60.7014,8.9457,38.86,91,4,4.83
244,Thompson,CA,2021-11-10 18:06:40,55.7435,-97.8558,28.72,76,74,7.7
245,Tasiilaq,GL,2021-11-10 18:06:40,65.6145,-37.6368,26.76,84,99,6.64
246,East London,ZA,2021-11-10 18:06:41,-33.0153,27.9116,66.65,80,30,10.78
247,Plattsburgh,US,2021-11-10 18:04:27,44.6995,-73.4529,56.16,34,1,11.5
248,Sao Borja,BR,2021-11-10 18:04:19,-28.6606,-56.0044,82.94,29,100,10.87
249,Pangody,RU,2021-11-10 18:06:41,65.85,74.4859,-3.08,100,14,4.79
250,Port Lincoln,AU,2021-11-10 18:06:42,-34.7333,135.8667,53.82,70,87,23.67
251,Kavaratti,IN,2021-11-10 18:06:42,10.5669,72.642,81.97,72,100,11.54
252,Presidencia Roque Saenz Pena,AR,2021-11-10 18:06:42,-26.7852,-60.4388,87.55,27,100,10.42
253,Saldanha,ZA,2021-11-10 18:06:42,-33.0117,17.9442,62.55,84,66,16.04
254,Brae,GB,2021-11-10 18:06:43,60.3964,-1.353,48.11,77,93,28.88
255,Gillette,US,2021-11-10 18:06:43,44.2911,-105.5022,44.69,55,90,15.99
256,Ilulissat,GL,2021-11-10 18:06:43,69.2167,-51.1,-6.21,74,86,6.8
257,Ornskoldsvik,SE,2021-11-10 18:06:44,63.2909,18.7153,34.75,93,0,10.36
258,Taoudenni,ML,2021-11-10 18:06:44,22.6783,-3.9836,76.37,10,95,9.35
259,Vikhorevka,RU,2021-11-10 18:06:45,56.1201,101.1636,35.19,76,100,6.46
260,Naze,JP,2021-11-10 18:06:45,28.3667,129.4833,60.53,64,86,16.24
261,Tessalit,ML,2021-11-10 18:06:45,20.1986,1.0114,74.53,10,19,9.82
262,Baruun-Urt,MN,2021-11-10 18:06:46,46.6806,113.2792,22.19,62,7,6.96
263,Kirkland Lake,CA,2021-11-10 18:06:46,48.1446,-80.0377,40.69,47,29,10.27
264,Bethel,US,2021-11-10 18:06:46,41.3712,-73.414,65.01,53,1,3.0
265,Huarmey,PE,2021-11-10 18:06:46,-10.0681,-78.1522,69.78,73,28,11.16
266,Kenai,US,2021-11-10 18:01:51,60.5544,-151.2583,21.02,83,37,7.61
267,Selty,RU,2021-11-10 18:06:47,57.3132,52.1345,21.47,84,7,3.71
268,Kyzyl-Suu,KG,2021-11-10 18:06:47,42.3414,78.0056,32.65,63,16,7.49
269,Stephenville,US,2021-11-10 18:06:48,32.2207,-98.2023,71.69,73,90,10.36
270,Coahuayana,MX,2021-11-10 18:06:48,18.7333,-103.6833,87.28,62,62,5.75
271,Amalapuram,IN,2021-11-10 18:06:48,16.5833,82.0167,77.49,75,96,10.51
272,Kaeo,NZ,2021-11-10 18:06:49,-35.1,173.7833,54.32,95,26,0.16
273,Christchurch,NZ,2021-11-10 18:06:49,-43.5333,172.6333,56.91,85,90,1.99
274,Hanstholm,DK,2021-11-10 18:06:49,57.1167,8.6167,47.52,64,90,11.39
275,Sao Joao Da Barra,BR,2021-11-10 18:06:50,-21.6403,-41.0511,75.29,89,100,12.75
276,Marawi,PH,2021-11-10 18:07:50,7.9986,124.2928,67.64,95,90,0.85
277,Santa Fe,AR,2021-11-10 18:07:50,-31.6333,-60.7,89.01,32,99,8.01
278,Honghu,CN,2021-11-10 18:07:51,29.8206,113.4621,54.7,68,98,5.53
279,Buraydah,SA,2021-11-10 18:07:51,26.326,43.975,71.22,25,0,10.0
280,Sitka,US,2021-11-10 18:07:51,57.0531,-135.33,37.29,87,20,5.75
281,Gornopravdinsk,RU,2021-11-10 18:07:52,60.05,69.9,21.16,89,100,9.53
282,Port Hardy,CA,2021-11-10 18:07:52,50.6996,-127.4199,43.27,79,48,11.03
283,Fort Nelson,CA,2021-11-10 18:07:52,58.8053,-122.7002,17.19,93,90,2.3
284,Touros,BR,2021-11-10 18:07:53,-5.1989,-35.4608,86.9,63,2,16.51
285,Silvania,BR,2021-11-10 18:07:53,-16.6589,-48.6081,80.56,45,100,8.55
286,Mosetse,BW,2021-11-10 18:07:53,-20.75,26.65,73.31,64,87,13.47
287,Pitea,SE,2021-11-10 18:07:53,65.3172,21.4794,37.09,72,95,13.78
288,Ancud,CL,2021-11-10 18:07:54,-41.8697,-73.8203,58.53,63,77,2.82
289,Muscat,OM,2021-11-10 18:07:54,23.6139,58.5922,78.82,50,1,6.02
290,San Policarpo,PH,2021-11-10 18:07:55,12.1791,125.5072,80.85,86,100,13.15
291,Havelock,US,2021-11-10 18:07:55,34.8791,-76.9013,76.98,57,100,5.01
292,Samarai,PG,2021-11-10 18:07:55,-10.6167,150.6667,82.42,81,63,13.8
293,Osypenko,UA,2021-11-10 18:07:55,46.9136,36.8253,34.47,53,2,8.21
294,Los Llanos De Aridane,ES,2021-11-10 18:07:56,28.6585,-17.9182,67.75,73,20,8.01
295,Tucuman,AR,2021-11-10 18:07:56,-26.8241,-65.2226,73.4,68,75,11.5
296,Chumphon,TH,2021-11-10 18:07:56,10.3333,98.8333,70.11,98,99,1.61
297,Wattegama,LK,2021-11-10 18:07:57,6.7989,81.4808,74.35,94,98,2.13
298,Birin,NP,2021-11-10 18:07:57,26.8865,88.0718,50.92,72,1,5.1
299,Sal Rei,CV,2021-11-10 18:07:58,16.1833,-22.9167,76.55,74,96,11.79
300,Konakovo,RU,2021-11-10 18:07:58,56.7,36.7667,31.6,74,70,13.8
301,San Vicente,AR,2021-11-10 18:07:58,-26.6167,-54.1333,76.3,57,60,3.09
302,Conceicao Do Araguaia,BR,2021-11-10 18:07:59,-8.2578,-49.2647,75.27,87,100,1.59
303,Kulykivka,UA,2021-11-10 18:07:59,51.3735,31.6466,36.41,48,66,8.28
304,Sakakah,SA,2021-11-10 18:07:59,29.9697,40.2064,67.75,18,1,5.61
305,Loukhi,RU,2021-11-10 18:08:00,66.0764,33.0381,35.33,86,87,9.84
306,Lubu,CN,2021-11-10 18:08:00,23.1742,112.2809,56.91,69,1,2.64
307,Aitape,PG,2021-11-10 18:08:00,-3.1374,142.3475,79.79,84,94,5.7
308,Kidodi,TZ,2021-11-10 18:08:01,-7.6036,37.0044,81.48,41,80,2.04
309,Viedma,AR,2021-11-10 18:08:02,-40.8135,-62.9967,83.66,27,70,17.92
310,Pisco,PE,2021-11-10 18:08:02,-13.7,-76.2167,70.02,73,0,12.66
311,Muros,ES,2021-11-10 18:08:03,42.7762,-9.0603,61.3,81,98,3.22
312,Pingliang,CN,2021-11-10 18:08:03,35.5392,106.6861,32.31,35,35,6.82
313,Leningradskiy,RU,2021-11-10 18:08:03,69.3833,178.4167,12.06,95,97,6.13
314,Planadas,CO,2021-11-10 18:08:04,3.197,-75.6451,74.86,83,95,4.03
315,Alta Floresta,BR,2021-11-10 18:08:04,-9.8756,-56.0861,72.54,98,100,4.36
316,Lasa,IT,2021-11-10 18:08:04,46.6166,10.7002,45.36,95,76,2.57
317,Salalah,OM,2021-11-10 18:08:05,17.0151,54.0924,78.89,50,0,4.61
318,Diego De Almagro,CL,2021-11-10 18:08:05,-26.3667,-70.05,80.38,14,0,14.65
319,Moose Factory,CA,2021-11-10 18:08:05,51.2585,-80.6094,35.19,65,60,9.42
320,Along,IN,2021-11-10 18:08:06,28.1667,94.7667,56.73,68,1,1.77
321,Sault Sainte Marie,CA,2021-11-10 18:04:12,46.5168,-84.3333,48.76,53,20,9.22
322,Minbu,MM,2021-11-10 18:08:06,20.1833,94.8833,76.15,80,67,2.15
323,Coruripe,BR,2021-11-10 18:06:56,-10.1256,-36.1756,83.37,62,38,14.54
324,Liverpool,GB,2021-11-10 18:09:07,53.4106,-2.9779,52.68,89,40,3.44
325,South Lake Tahoe,US,2021-11-10 18:09:07,38.9332,-119.9844,54.82,60,90,3.44
326,Bollnas,SE,2021-11-10 18:09:07,61.3482,16.3946,42.39,88,6,7.29
327,Vanavara,RU,2021-11-10 18:09:08,60.34,102.2797,29.93,89,100,12.15
328,Xingyi,CN,2021-11-10 18:09:08,24.1877,102.817,50.04,96,87,3.22
329,Rawa Mazowiecka,PL,2021-11-10 18:09:08,51.7644,20.2549,43.7,73,80,7.56
330,Shelabolikha,RU,2021-11-10 18:09:09,53.4131,82.6167,36.86,60,100,18.12
331,Grootfontein,NA,2021-11-10 18:09:09,-19.5667,18.1167,80.47,33,100,3.53
332,Victoria,HK,2021-11-10 18:08:54,22.2855,114.1577,69.78,49,3,1.99
333,Constitucion,CL,2021-11-10 18:09:10,-35.3333,-72.4167,62.22,60,20,12.21
334,Emerald,AU,2021-11-10 18:09:10,-23.5333,148.1667,75.34,100,40,5.75
335,Northam,GB,2021-11-10 18:09:10,51.0333,-4.2167,55.42,97,100,4.68
336,Iquitos,PE,2021-11-10 18:09:11,-3.7481,-73.2472,87.84,66,75,5.75
337,Stromness,GB,2021-11-10 18:09:11,58.965,-3.296,46.87,83,48,18.01
338,Burgeo,CA,2021-11-10 18:09:11,47.6167,-57.6152,46.65,63,100,10.25
339,Pszczyna,PL,2021-11-10 18:09:12,49.9804,18.9538,47.8,73,79,3.65
340,Haines Junction,CA,2021-11-10 18:09:12,60.7522,-137.5108,15.91,77,36,1.99
341,Ucluelet,CA,2021-11-10 18:05:45,48.9329,-125.5528,46.09,88,93,8.46
342,La Palma,US,2021-11-10 18:09:12,33.8464,-118.0467,73.35,71,1,1.99
343,Barcelos,PT,2021-11-10 18:09:13,41.5388,-8.6151,62.85,78,73,1.79
344,Baykit,RU,2021-11-10 18:09:13,61.67,96.37,28.49,97,100,4.07
345,Biltine,TD,2021-11-10 18:09:13,14.5333,20.9167,87.94,16,0,7.14
346,Yulara,AU,2021-11-10 18:09:14,-25.2406,130.9889,58.84,72,0,12.66
347,Bourail,NC,2021-11-10 18:09:14,-21.5667,165.4833,73.24,86,21,3.13
348,Zlobin,HR,2021-11-10 18:09:14,45.2924,14.6541,46.17,68,0,2.3
349,Borova,UA,2021-11-10 18:09:15,50.1763,30.1043,38.34,39,26,7.76
350,Cururupu,BR,2021-11-10 18:09:15,-1.8283,-44.8683,86.85,53,60,7.09
351,College,US,2021-11-10 18:09:15,64.8569,-147.8028,-2.42,78,75,4.61
352,Luzhou,CN,2021-11-10 18:09:16,28.8724,105.4405,52.48,70,7,1.1
353,Coquimbo,CL,2021-11-10 18:09:16,-29.9533,-71.3436,64.13,67,20,13.8
354,Macau,MO,2021-11-10 18:09:16,22.2006,113.5461,69.53,46,0,12.66
355,Cayenne,GF,2021-11-10 18:09:17,4.9333,-52.3333,80.64,85,75,3.0
356,Opuwo,NA,2021-11-10 18:09:17,-18.0607,13.84,80.4,34,70,4.12
357,Talara,PE,2021-11-10 18:09:17,-4.5772,-81.2719,75.96,64,0,16.11
358,Malesici,BA,2021-11-10 18:09:18,44.7381,18.2739,35.89,83,100,1.36
359,San Carlos,VE,2021-11-10 18:09:18,9.6612,-68.5827,90.48,42,59,4.74
360,Auki,SB,2021-11-10 18:09:18,-8.7676,160.7034,78.03,88,15,4.59
361,Walvis Bay,NA,2021-11-10 18:09:19,-22.9575,14.5053,59.09,84,62,13.18
362,Riohacha,CO,2021-11-10 18:09:19,11.5444,-72.9072,89.46,50,55,13.35
363,Asau,RO,2021-11-10 18:09:19,46.4333,26.4,36.95,83,4,3.0
364,Alofi,NU,2021-11-10 18:09:20,-19.0595,-169.9187,78.13,79,100,14.58
365,Kruisfontein,ZA,2021-11-10 18:09:20,-34.0033,24.7314,60.89,85,26,6.44
366,Puri,IN,2021-11-10 18:09:20,19.8,85.85,73.92,67,100,8.48
367,Fairbanks,US,2021-11-10 18:05:02,64.8378,-147.7164,-2.4,78,75,4.61
368,Esperance,AU,2021-11-10 18:09:21,-33.8667,121.9,55.54,62,93,5.79
369,Plettenberg Bay,ZA,2021-11-10 18:10:21,-34.0527,23.3716,60.42,79,48,5.64
370,Savona,IT,2021-11-10 18:10:22,44.3,8.2667,54.21,93,100,7.43
371,Berlevag,NO,2021-11-10 18:10:22,70.8578,29.0864,37.35,70,0,24.16
372,Tezu,IN,2021-11-10 18:10:22,27.9167,96.1667,64.51,42,1,4.92
373,Bereda,ES,2021-11-10 18:10:23,43.2686,-7.5406,53.35,96,82,3.6
374,Mulege,MX,2021-11-10 18:10:23,26.8833,-111.9833,82.42,28,0,11.14
375,Seoul,KR,2021-11-10 18:08:02,37.5683,126.9778,42.24,55,30,8.86
376,Cascais,PT,2021-11-10 18:10:23,38.6979,-9.4215,65.55,57,0,7.0
377,Crotone,IT,2021-11-10 18:10:24,39.0851,17.1178,57.92,86,16,9.1
378,Westlock,CA,2021-11-10 18:10:24,54.1502,-113.8688,33.48,58,37,4.99
379,Ankazoabo,MG,2021-11-10 18:10:24,-22.2833,44.5167,80.69,45,79,13.71
380,Chikwawa,MW,2021-11-10 18:10:25,-16.0335,34.8009,86.52,59,52,10.87
381,Winslow,US,2021-11-10 18:10:25,35.0242,-110.6974,61.97,37,1,1.01
382,Imeni Poliny Osipenko,RU,2021-11-10 18:10:25,52.4201,136.4853,28.65,92,100,26.17
383,Navahrudak,BY,2021-11-10 18:10:26,53.6,25.8333,32.59,71,54,10.04
384,Ayagoz,KZ,2021-11-10 18:10:26,47.9714,80.4392,13.48,82,5,3.27
385,Ibicarai,BR,2021-11-10 18:10:26,-14.865,-39.5875,80.58,76,88,5.3
386,Boma,GH,2021-11-10 18:10:27,7.0805,-2.1697,78.85,81,84,2.68
387,Vao,NC,2021-11-10 18:10:27,-22.6667,167.4833,73.74,88,41,9.28
388,Bonthe,SL,2021-11-10 18:10:27,7.5264,-12.505,81.68,73,100,6.78
389,Itarema,BR,2021-11-10 18:10:28,-2.9248,-39.9167,86.0,59,68,18.68
390,Egvekinot,RU,2021-11-10 18:10:28,66.3167,-179.1667,4.6,87,81,3.33
391,Nemuro,JP,2021-11-10 18:10:28,43.3236,145.575,50.49,89,68,17.83
392,Fukue,JP,2021-11-10 18:10:29,32.6881,128.8419,59.43,62,87,22.82
393,Cockburn Town,TC,2021-11-10 18:10:29,21.4612,-71.1419,81.39,69,74,11.41
394,Geraldton,AU,2021-11-10 18:10:30,-28.7667,114.6,55.81,76,0,10.36
395,Prince Albert,CA,2021-11-10 18:05:40,53.2001,-105.7677,28.08,96,100,17.0
396,West Bay,KY,2021-11-10 18:10:30,19.3667,-81.4167,84.06,88,40,1.01
397,Sambava,MG,2021-11-10 18:10:30,-14.2667,50.1667,77.05,85,34,3.69
398,Porto Novo,BJ,2021-11-10 18:10:31,6.4965,2.6036,80.49,81,52,6.82
399,Roebourne,AU,2021-11-10 18:10:31,-20.7833,117.1333,78.49,31,35,11.1
400,Agadir,MA,2021-11-10 18:07:55,30.4202,-9.5982,64.85,55,73,7.2
401,Yumen,CN,2021-11-10 18:10:31,40.2833,97.2,18.12,57,0,6.24
402,Abonnema,NG,2021-11-10 18:10:32,4.7084,6.7931,78.75,84,83,5.61
403,Fuerte Olimpo,PY,2021-11-10 18:10:32,-21.0415,-57.8738,94.32,44,94,8.97
404,Weston,US,2021-11-10 18:06:54,26.1004,-80.3998,84.2,59,75,1.01
405,Rovnoye,RU,2021-11-10 18:10:33,50.7765,46.0509,31.93,53,3,14.76
406,Ballitoville,ZA,2021-11-10 18:10:33,-29.539,31.2144,69.24,80,0,7.27
407,Valente,BR,2021-11-10 18:10:33,-11.4122,-39.4619,91.4,31,89,7.25
408,Sayyan,YE,2021-11-10 18:10:34,15.1718,44.3244,55.15,32,86,8.14
409,Palauig,PH,2021-11-10 18:10:34,15.435,119.9045,80.47,75,100,4.16
410,Kelvington,CA,2021-11-10 18:10:34,52.1667,-103.5343,29.64,94,100,17.18
411,Kapit,MY,2021-11-10 18:10:35,2.0167,112.9333,74.57,100,100,1.3
412,Santiago Del Estero,AR,2021-11-10 18:10:35,-27.7951,-64.2615,73.13,68,96,4.34
413,Araouane,ML,2021-11-10 18:10:35,18.9048,-3.5265,76.26,9,58,8.95
414,Gavle,SE,2021-11-10 18:10:36,60.6745,17.1417,43.5,93,19,5.99
415,Goundam,ML,2021-11-10 18:11:36,16.4145,-3.6708,87.57,12,49,8.68
416,Marzuq,YE,2021-11-10 18:11:37,14.4,46.4667,71.37,26,0,2.1
417,Dabakala,CI,2021-11-10 18:11:38,8.3667,-4.4333,81.73,66,71,3.53
418,Del Rio,US,2021-11-10 18:11:38,29.3627,-100.8968,77.43,65,1,13.8
419,Phan Thiet,VN,2021-11-10 18:11:38,10.9333,108.1,77.68,86,84,7.31
420,Lagoa,PT,2021-11-10 18:11:39,39.05,-27.9833,67.19,80,100,9.31
421,Port-Gentil,GA,2021-11-10 18:11:39,-0.7193,8.7815,79.48,84,100,10.6
422,Stokmarknes,NO,2021-11-10 18:11:39,68.5646,14.9108,44.56,81,75,18.41
423,Jurm,AF,2021-11-10 18:11:40,36.8648,70.8342,43.16,68,36,4.18
424,Perambalur,IN,2021-11-10 18:11:40,11.2333,78.8833,74.79,89,100,4.81
425,Alekseyevsk,RU,2021-11-10 18:11:41,57.8406,108.3492,30.2,83,100,12.84
426,Rudbar,AF,2021-11-10 18:11:41,30.15,62.6,60.44,23,0,5.73
427,Serdobsk,RU,2021-11-10 18:11:41,52.4586,44.2169,26.06,61,6,5.26
428,Bulancak,TR,2021-11-10 18:11:42,40.9372,38.2291,46.22,81,75,9.22
429,Mende,FR,2021-11-10 18:11:42,44.6667,3.5,40.12,84,100,5.37
430,Inhambane,MZ,2021-11-10 18:11:42,-23.865,35.3833,71.6,82,85,7.9
431,Karratha,AU,2021-11-10 18:11:43,-20.7377,116.8463,78.39,31,37,10.47
432,Grimshaw,CA,2021-11-10 18:08:22,56.1834,-117.6027,37.02,100,90,3.44
433,Berezovka,BY,2021-11-10 18:11:43,53.7214,25.4993,35.08,73,55,9.48
434,Tsiroanomandidy,MG,2021-11-10 18:11:44,-18.7667,46.0333,77.56,55,84,8.23
435,Urcos,PE,2021-11-10 18:11:44,-13.6861,-71.6228,67.89,52,99,7.58
436,Afikpo,NG,2021-11-10 18:11:45,5.8931,7.9374,77.45,86,91,4.18
437,Qinzhou,CN,2021-11-10 18:11:46,21.95,108.6167,59.61,51,16,5.19
438,Ocampo,MX,2021-11-10 18:11:46,21.65,-101.5,60.94,22,97,6.58
439,Betioky,MG,2021-11-10 18:11:46,-23.7167,44.3833,76.39,58,10,5.01
440,Chalus,IR,2021-11-10 18:11:46,36.655,51.4204,60.8,74,0,7.76
441,Assisi,IT,2021-11-10 18:11:47,43.0691,12.6165,57.56,82,75,9.22
442,Zhigansk,RU,2021-11-10 18:11:47,66.7697,123.3711,-10.46,97,71,6.4
443,Iracoubo,GF,2021-11-10 18:11:48,5.4802,-53.2011,82.15,71,68,7.34
444,Rushden,GB,2021-11-10 18:11:48,52.2914,-0.5992,55.4,88,100,2.39
445,Zaraza,VE,2021-11-10 18:11:48,9.3503,-65.3245,93.31,35,71,6.15
446,Banon,ES,2021-11-10 18:11:49,40.8382,-1.1909,56.46,58,75,5.75
447,Puerto Escondido,MX,2021-11-10 18:11:50,15.85,-97.0667,83.23,65,1,10.36
448,Qaqortoq,GL,2021-11-10 18:11:50,60.7167,-46.0333,19.9,73,0,2.8
449,Sabang,ID,2021-11-10 18:11:50,5.8933,95.3214,77.94,86,100,6.98
450,Pangnirtung,CA,2021-11-10 18:11:51,66.1451,-65.7125,4.87,67,46,6.06
451,Rundu,NA,2021-11-10 18:11:51,-17.9333,19.7667,77.14,46,100,3.87
452,Lermontovka,RU,2021-11-10 18:11:51,47.1453,134.3383,28.26,79,95,5.5
453,Akyab,MM,2021-11-10 18:11:52,20.15,92.9,78.91,79,57,4.14
454,Laguna,US,2021-11-10 18:11:52,38.421,-121.4238,65.35,97,90,1.01
455,Tateyama,JP,2021-11-10 18:11:53,34.9833,139.8667,63.1,56,0,27.96
456,Colares,PT,2021-11-10 18:11:53,38.7992,-9.4469,65.39,56,0,7.0
457,Biryusinsk,RU,2021-11-10 18:11:54,55.9634,97.8235,28.71,77,93,4.94
458,Caraquet,CA,2021-11-10 18:09:42,47.7941,-64.9386,42.35,76,100,3.13
459,Yuli,NG,2021-11-10 18:11:54,9.6989,10.2744,86.97,26,21,3.91
460,Faya,SA,2021-11-10 18:11:55,18.3851,42.4509,57.72,58,19,4.47
461,Jiayuguan,CN,2021-11-10 18:11:55,39.8167,98.3,23.31,43,4,3.96
462,Taksimo,RU,2021-11-10 18:12:55,56.3444,114.8794,10.81,87,69,3.24
463,Verkhnyaya Inta,RU,2021-11-10 18:12:56,65.9811,60.3094,5.04,94,83,6.93
464,Bone,DE,2021-11-10 18:12:56,51.9669,12.1396,43.63,89,100,2.37
465,Inongo,CD,2021-11-10 18:12:56,-1.95,18.2667,73.63,89,98,2.57
466,Te Anau,NZ,2021-11-10 18:12:57,-45.4167,167.7167,50.86,97,91,0.74
467,San Marcos,US,2021-11-10 18:11:30,33.1434,-117.1661,73.53,72,1,1.01
468,Rincon,US,2021-11-10 18:10:16,32.296,-81.2354,73.85,52,75,3.44
469,Loikaw,MM,2021-11-10 18:12:57,19.6742,97.2094,65.16,94,37,1.99
470,Acucena,BR,2021-11-10 18:12:58,-19.0731,-42.5464,76.42,83,98,4.07
471,Acapulco,MX,2021-11-10 18:11:33,16.8634,-99.8901,84.02,74,40,5.75
472,Jardim,BR,2021-11-10 18:12:58,-21.4803,-56.1381,92.37,44,86,4.65
473,Srednekolymsk,RU,2021-11-10 18:12:59,67.45,153.6833,-7.1,88,93,2.08
474,Olafsvik,IS,2021-11-10 18:12:59,64.8945,-23.7142,35.33,74,81,20.54
475,La Ronge,CA,2021-11-10 18:12:59,55.1001,-105.2842,28.65,74,90,13.8
476,Gat,IL,2021-11-10 18:09:50,31.61,34.7642,70.81,59,4,6.78
477,Mackay,AU,2021-11-10 18:13:00,-21.15,149.2,78.04,91,40,10.98
478,Bridgwater,GB,2021-11-10 18:13:00,51.1284,-3.0036,57.7,94,87,2.17
479,Kirakira,SB,2021-11-10 18:13:01,-10.4544,161.9205,79.77,82,11,9.84
480,Seymchan,RU,2021-11-10 18:13:01,62.8833,152.4333,-4.72,85,97,2.8
481,Magadan,RU,2021-11-10 18:13:02,59.5667,150.8,25.5,94,100,14.12
482,Mangochi,MW,2021-11-10 18:13:03,-14.4782,35.2645,84.02,48,97,3.33
483,Farah,AF,2021-11-10 18:13:03,32.5,62.5,50.86,14,0,1.54
484,Vila Velha,BR,2021-11-10 18:12:13,-20.3297,-40.2925,76.95,91,40,14.0
485,Kargasok,RU,2021-11-10 18:13:04,59.0556,80.8572,31.89,97,100,10.07
486,Ende,ID,2021-11-10 18:13:05,-8.8432,121.6623,79.56,87,100,1.54
487,Pathein,MM,2021-11-10 18:13:05,16.7833,94.7333,76.1,90,81,1.97
488,Tak Bai,TH,2021-11-10 18:13:06,6.2595,102.0546,73.89,93,100,4.97
489,Gravdal,NO,2021-11-10 18:13:06,68.1214,13.5031,44.28,100,75,6.91
490,Havre-Saint-Pierre,CA,2021-11-10 18:13:07,50.2334,-63.5986,43.39,52,75,12.66
491,Chingirlau,KZ,2021-11-10 18:13:07,51.095,54.0814,31.71,64,100,17.05
492,Kushnarenkovo,RU,2021-11-10 18:13:08,55.105,55.3508,25.18,73,46,10.45
493,Rawson,AR,2021-11-10 18:13:08,-43.3002,-65.1023,82.85,22,92,20.15
494,Olinda,BR,2021-11-10 18:09:52,-8.0089,-34.8553,83.93,65,40,11.5
495,Atar,MR,2021-11-10 18:13:09,20.5169,-13.0499,83.62,17,100,13.42
496,Cloquet,US,2021-11-10 18:13:09,46.7216,-92.4594,48.38,56,40,9.22
497,Port Moresby,PG,2021-11-10 18:13:09,-9.4431,147.1797,76.01,85,84,4.27
498,Kihei,US,2021-11-10 18:13:10,20.785,-156.4656,78.84,72,1,4.61
499,Zwedru,LR,2021-11-10 18:13:10,6.0667,-8.1281,75.67,94,100,4.14
500,Vostok,RU,2021-11-10 18:13:11,46.4856,135.8833,21.69,96,100,2.44
501,Manoel Urbano,BR,2021-11-10 18:13:11,-8.8389,-69.2597,90.84,48,95,3.78
502,Susanville,US,2021-11-10 18:11:20,40.4163,-120.653,47.08,73,90,0.0
503,Staritsa,RU,2021-11-10 18:13:12,56.5075,34.9354,30.96,93,84,14.56
504,Belyy Yar,RU,2021-11-10 18:13:13,53.6039,91.3903,20.86,85,39,0.0
505,Meulaboh,ID,2021-11-10 18:13:13,4.1363,96.1285,77.36,86,100,4.97
506,Hounde,BF,2021-11-10 18:14:14,11.5,-3.5167,92.41,32,70,9.37
507,Kattivakkam,IN,2021-11-10 18:14:14,13.2167,80.3167,75.29,97,100,17.31
508,Lubumbashi,CD,2021-11-10 18:14:14,-11.6609,27.4794,75.22,25,56,5.01
509,Paamiut,GL,2021-11-10 18:14:15,61.994,-49.6678,15.13,60,1,7.99
510,Sisimiut,GL,2021-11-10 18:14:15,66.9395,-53.6735,12.34,81,35,10.04
511,Luanda,AO,2021-11-10 18:12:46,-8.8368,13.2343,80.6,78,20,10.36
512,Amazar,RU,2021-11-10 18:14:16,53.858,120.875,22.05,59,1,8.03
513,Lompoc,US,2021-11-10 18:14:16,34.6391,-120.4579,72.52,58,1,8.05
514,Lillooet,CA,2021-11-10 18:14:17,50.6856,-121.942,45.32,69,24,4.41
515,Hargeysa,SO,2021-11-10 18:13:04,9.56,44.065,65.77,77,12,9.06
516,Saravena,CO,2021-11-10 18:14:17,6.9538,-71.8752,90.57,43,45,5.28
517,Galle,LK,2021-11-10 18:14:18,6.0367,80.217,78.98,82,93,10.45
518,Muisne,EC,2021-11-10 18:14:18,0.6,-80.0333,78.91,80,99,11.16
519,Lamu,KE,2021-11-10 18:14:19,-2.2717,40.902,82.62,84,95,9.57
520,Ajdabiya,LY,2021-11-10 18:14:19,30.7554,20.2263,74.7,36,100,12.55
521,Brigantine,US,2021-11-10 18:13:54,39.4101,-74.3646,70.07,53,1,13.8
522,Abha,SA,2021-11-10 18:14:20,18.2164,42.5053,58.82,82,20,0.0
523,Nichinan,JP,2021-11-10 18:14:20,31.6,131.3667,57.78,74,50,12.88
524,Chara,RU,2021-11-10 18:14:21,56.9064,118.2631,4.66,78,8,2.37
525,Goure,NE,2021-11-10 18:14:21,13.9835,10.2704,88.02,11,0,8.75
526,Peniche,PT,2021-11-10 18:14:21,39.3558,-9.3811,64.35,84,0,6.35
527,Oga,IT,2021-11-10 18:14:22,46.4631,10.347,38.7,99,84,3.09
528,Turbana,CO,2021-11-10 18:14:22,10.2717,-75.4422,86.81,63,82,4.14
529,Sikandra Rao,IN,2021-11-10 18:14:23,27.7,78.4,71.06,34,100,0.67
530,Amapa,BR,2021-11-10 18:14:23,1.0,-52.0,77.63,81,100,3.65
531,Camana,PE,2021-11-10 18:14:23,-16.6228,-72.7111,69.33,70,89,10.18
532,Burns Lake,CA,2021-11-10 18:14:24,54.2331,-125.7533,31.42,74,98,4.45
533,Coolum Beach,AU,2021-11-10 18:14:24,-26.5333,153.1,75.11,98,98,6.53
534,Qasigiannguit,GL,2021-11-10 18:14:25,68.8193,-51.1922,-5.4,87,81,6.24
535,Marsa Matruh,EG,2021-11-10 18:14:25,31.3525,27.2453,69.44,75,99,14.54
536,Port Blair,IN,2021-11-10 18:14:26,11.6667,92.75,81.43,81,92,15.46
537,Luhyny,UA,2021-11-10 18:14:26,51.082,28.4006,32.81,44,34,7.92
538,Sonkovo,RU,2021-11-10 18:14:27,57.7782,37.1571,32.09,72,98,17.31
539,Kholodnyy,RU,2021-11-10 18:12:21,62.7167,147.95,-10.53,87,97,2.39
540,Kirando,TZ,2021-11-10 18:14:27,-7.4167,30.6,79.99,55,12,7.99
541,Eureka,US,2021-11-10 18:13:33,40.8021,-124.1637,58.19,92,99,3.42
542,Haicheng,CN,2021-11-10 18:14:28,40.8516,122.7475,30.72,81,54,5.01
543,Lata,PT,2021-11-10 18:14:28,40.1629,-8.3327,59.07,60,11,1.34
544,Mouila,GA,2021-11-10 18:14:29,-1.8685,11.0559,75.78,94,97,1.63
545,Weiser,US,2021-11-10 18:10:37,44.251,-116.9693,47.48,82,100,1.5
546,Lavrentiya,RU,2021-11-10 18:12:21,65.5833,-171.0,8.49,91,7,6.38
547,Batagay-Alyta,RU,2021-11-10 18:12:19,67.8006,130.4114,6.28,90,100,1.63
548,Nikolayevka,RU,2021-11-10 18:14:29,53.1257,47.2041,25.11,66,4,6.62
549,Fare,PF,2021-11-10 18:14:30,-16.7,-151.0167,79.11,75,16,13.87
550,Shelburne,CA,2021-11-10 18:15:07,44.0787,-80.2041,53.13,54,19,9.71
551,Mount Isa,AU,2021-11-10 18:15:30,-20.7333,139.5,74.97,94,40,6.91
552,Maunabo,PR,2021-11-10 18:15:31,18.0072,-65.8993,88.65,76,52,8.5
553,Neyshabur,IR,2021-11-10 18:15:31,36.2133,58.7958,47.77,30,0,2.93
554,Bosansko Grahovo,BA,2021-11-10 18:15:32,44.1794,16.3639,55.63,79,100,3.24
555,Nouakchott,MR,2021-11-10 18:14:12,18.0858,-15.9785,73.33,55,100,18.32
556,Moba,CN,2021-11-10 18:15:32,33.2288,105.0179,33.84,52,84,5.19
557,Durres,AL,2021-11-10 18:12:14,41.3231,19.4414,62.78,61,100,4.65
558,Gazojak,TM,2021-11-10 18:15:33,41.1875,61.4036,47.01,59,0,10.87
559,Tiznit,MA,2021-11-10 18:15:33,29.5833,-9.5,60.06,44,100,3.85
560,Namatanai,PG,2021-11-10 18:15:33,-3.6667,152.4333,79.5,81,64,6.62
561,Quatre Cocos,MU,2021-11-10 18:15:34,-20.2078,57.7625,75.31,72,14,8.41
562,Jumla,NP,2021-11-10 18:15:06,29.2747,82.1838,43.23,47,9,4.36
563,Hanko,FI,2021-11-10 18:15:34,59.8333,22.95,49.23,90,98,27.42
564,Pleasanton,US,2021-11-10 18:15:35,37.6624,-121.8747,63.12,84,90,1.01
565,Naqadeh,IR,2021-11-10 18:15:35,36.9553,45.388,50.83,26,91,5.12
566,Ibb,YE,2021-11-10 18:15:36,13.9667,44.1833,61.92,61,38,2.28
567,Kinsale,IE,2021-11-10 18:15:36,51.7075,-8.5306,51.24,100,75,3.44
568,Mayskiy,RU,2021-11-10 18:15:36,47.6931,40.1025,31.44,63,9,7.16
569,Meiganga,CM,2021-11-10 18:15:37,6.5167,14.3,74.16,63,56,2.35
570,Albacete,ES,2021-11-10 18:15:37,38.8333,-2.0,51.19,66,0,5.75
571,Xining,CN,2021-11-10 18:15:37,36.6167,101.7667,20.41,78,69,1.48
572,Tallahassee,US,2021-11-10 18:14:07,30.4383,-84.2807,76.08,59,40,1.99
573,Divo,CI,2021-11-10 18:15:38,5.8397,-5.36,74.82,96,95,3.76
574,Weinan,CN,2021-11-10 18:15:39,34.5036,109.5089,33.49,44,9,5.06
575,Hami,CN,2021-11-10 18:15:39,42.8,93.45,27.39,57,0,3.71
576,Nioro,GM,2021-11-10 18:15:40,13.35,-15.75,88.39,26,72,3.53
577,Tura,IN,2021-11-10 18:15:40,25.5198,90.2201,62.92,88,11,3.6
578,Owo,NG,2021-11-10 18:15:41,7.1962,5.5868,75.15,90,53,5.12
579,Maniitsoq,GL,2021-11-10 18:15:41,65.4167,-52.9,16.0,71,68,5.57
580,Turbat,PK,2021-11-10 18:15:41,26.0023,63.044,76.12,24,0,7.49
